Date/Time (YYYY:MM:DD HH:MM:SS), Temperature (*C), Pressure (Pa), Humidity (%), Infrared, Visible, Full Spectrum, Lux (lm/m^2)
01/02/2020 15:30,17.94,100299,60.24,1761,3003,4764,7723.231
01/02/2020 16:00,14.63,100350.13,69.32,702,1215,1917,3141.887
01/02/2020 16:30,12.26,100388.38,70.08,225,454,679,1238.517
01/02/2020 17:00,9.51,100409.02,72.82,43,89,132,244.831
01/02/2020 18:00,6.81,100514.42,83.43,0,0,0,0
01/02/2020 19:00,6.17,100582.63,85.77,0,0,0,0
01/02/2020 20:00,7.2,100616.4,85.08,0,1,1,4.08
01/02/2020 21:00,7.53,100640.23,85.59,0,1,1,4.08
01/02/2020 22:00,6.87,100612.95,84.93,0,0,0,0
01/02/2020 22:30,6.38,100603.04,86.58,0,0,0,0
01/02/2020 23:30,6.37,100564.27,88.6,1,0,0,0
02/02/2020 00:30,6.12,100461.98,89.48,0,0,0,0
02/02/2020 01:30,6.01,100330.34,90.53,1,0,1,0
02/02/2020 02:30,6.08,100181.98,91.27,0,1,1,4.08
02/02/2020 03:30,6.23,99977.38,91.65,1,0,0,0
02/02/2020 04:30,6.74,99851.69,92.04,0,1,1,4.08
02/02/2020 05:30,8.06,99811.69,93.43,0,0,0,0
02/02/2020 06:30,9.26,99891.48,93.61,1,0,0,0
02/02/2020 07:30,9.6,99987.23,93.52,0,2,2,8.16
02/02/2020 08:30,9.68,100100.09,92.31,106,201,307,536.925
02/02/2020 09:30,10.75,100178.55,87.92,458,859,1317,2285.918
02/02/2020 10:00,12.43,100260.41,82.97,1252,2326,3578,6169.348
02/02/2020 10:30,13.02,100313.91,80.53,1179,2272,3451,6102.838
02/02/2020 11:00,15.32,100352.77,75.59,2583,4791,7374,12700.164
02/02/2020 11:30,16.48,100376.77,69.68,2022,3881,5903,10410.573
02/02/2020 12:00,17.39,100415.23,68.08,1378,2730,4108,7402.102
02/02/2020 12:30,17.04,100440.57,67.99,1240,2427,3667,6553.733
02/02/2020 13:00,16.01,100451.28,69.8,1397,2696,4093,7245.331
02/02/2020 13:30,15.34,100472.33,72.27,1232,2351,3583,6293.882
02/02/2020 14:00,14.98,100484.09,73.39,1274,2434,3708,6518.709
02/02/2020 14:30,14.48,100484.52,74.14,1021,1947,2968,5211.085
02/02/2020 15:00,14.23,100480.39,74.98,1011,1915,2926,5113.561
02/02/2020 15:30,13.74,100476.77,75.42,652,1239,1891,3312.16
02/02/2020 16:00,12.5,100474.64,78.07,248,457,705,1208.658
02/02/2020 16:30,11.7,100512.98,80.29,119,214,333,561.104
02/02/2020 17:30,10.43,100518.04,83.27,0,2,2,8.16
02/02/2020 18:30,9.44,100576.15,85.53,0,1,1,4.08
02/02/2020 19:30,8.94,100588.19,85.83,0,1,1,4.08
02/02/2020 20:30,8.18,100585.81,87.47,0,0,0,0
02/02/2020 21:30,8.52,100622.55,87.35,0,1,1,4.08
02/02/2020 22:30,8.46,100637.66,86.52,0,0,0,0
02/02/2020 23:30,8.61,100656.16,85.98,0,1,1,4.08
03/02/2020 00:30,9.05,100729.75,85.28,0,0,0,0
03/02/2020 01:30,8.6,100751.14,86.96,0,1,1,4.08
03/02/2020 02:30,9.12,100799.45,85.43,1,0,1,0
03/02/2020 03:30,8.34,100863.7,85.9,0,0,0,0
03/02/2020 04:30,7.29,100886.55,88.94,0,0,0,0
03/02/2020 05:30,6.73,100936.65,90.74,0,0,0,0
03/02/2020 06:30,6.86,100971.69,91.66,0,0,0,0
03/02/2020 07:30,7.13,101042.33,91.46,2,7,9,22.213
03/02/2020 08:30,8.23,101080,88.97,449,760,1209,1949.221
03/02/2020 09:30,10.78,101129.96,82.14,860,1599,2459,4242.272
03/02/2020 10:00,11.51,101127.17,80.14,1056,2006,3062,5361.877
03/02/2020 10:30,12.71,101132.55,77.44,1314,2601,3915,7050.324
03/02/2020 11:00,15.29,101139.14,74.42,1987,3822,5809,10259.829
03/02/2020 11:30,16.69,101116.52,69.94,2023,3866,5889,10354.813
03/02/2020 12:00,17.21,101102.34,67.58,1710,3327,5037,8965.898
03/02/2020 12:30,15.88,101054.52,68.9,1734,3370,5104,9078.399
03/02/2020 13:00,16.04,101022.66,68.87,1914,3680,5594,9877.188
03/02/2020 13:30,15.73,101024.2,69.84,1589,3070,4659,8253.615
03/02/2020 14:00,15.49,100994.95,70.49,1534,2910,4444,7774.493
03/02/2020 14:30,14.82,100956.16,71.23,1255,2361,3616,6289.61
03/02/2020 15:00,12.9,100948.52,72.43,549,1038,1587,2769.989
03/02/2020 15:30,11.16,100960.45,75.51,326,615,941,1639.913
03/02/2020 16:30,8.67,100957.31,81.65,130,230,360,599.533
03/02/2020 17:30,7.08,100953.85,82.42,1,2,3,5.44
03/02/2020 18:30,6.18,101020.78,84.49,0,0,0,0
03/02/2020 19:30,4.4,101094.7,86.07,1,0,0,0
03/02/2020 20:30,3.57,101133.66,86.54,0,0,0,0
03/02/2020 21:30,2.86,101198.14,88.72,0,0,0,0
03/02/2020 22:30,2.04,101240.11,89.55,0,0,0,0
03/02/2020 23:30,2.95,101322.8,90.79,0,0,0,0
04/02/2020 00:30,2.63,101307.25,89.26,0,0,0,0
04/02/2020 01:30,2.43,101357.91,89.11,0,0,0,0
04/02/2020 02:30,3.07,101375.5,87.55,0,0,0,0
04/02/2020 03:30,4.04,101383.33,85.84,1,0,0,0
04/02/2020 04:30,4.39,101445.08,83.66,0,0,0,0
04/02/2020 05:30,3.86,101544.71,81.36,0,0,0,0
04/02/2020 06:30,3.45,101672.09,81.85,0,0,0,0
04/02/2020 07:30,4.26,101749.8,81.18,5,8,13,20.086
04/02/2020 08:30,5.45,101768.58,77.69,206,417,623,1138.792
04/02/2020 09:30,7.48,101870.36,71.71,670,1384,2054,3804.801
04/02/2020 10:30,8.7,101989.66,70.94,2495,4493,6988,11786.371
04/02/2020 11:30,12.03,102134.68,71.51,2445,4444,6889,11696.396
04/02/2020 12:00,18.48,102179.82,58.76,4310,7760,12070,20355.246
04/02/2020 12:30,18.71,102214.83,55.17,2162,4253,6415,11504.143
04/02/2020 13:00,14.48,102286.84,62.78,975,1881,2856,5054.516
04/02/2020 13:30,14.93,102314.38,63.04,1994,3831,5825,10279.892
04/02/2020 14:00,13.92,102346.94,64.69,1059,2030,3089,5442.95
04/02/2020 14:30,14.03,102364.06,64.83,1415,2719,4134,7296.391
04/02/2020 15:00,12.63,102423.97,65.53,924,1832,2756,4968.575
04/02/2020 15:30,11.39,102472.43,68.49,536,1061,1597,2875.981
04/02/2020 16:00,10.8,102543.16,71.2,500,914,1414,2410.478
04/02/2020 17:00,8.65,102642.97,76.03,42,80,122,214.033
04/02/2020 18:00,7.59,102781.55,79.86,0,1,1,4.08
04/02/2020 19:00,7.26,102866.85,79.63,0,1,1,4.08
04/02/2020 20:00,7.1,102945.86,80.32,1,0,1,0
04/02/2020 21:00,6.51,103013.02,81.62,1,0,1,0
04/02/2020 22:00,6.45,103067.56,82.22,0,0,0,0
04/02/2020 23:00,4.84,103102.03,86.17,0,1,1,4.08
05/02/2020 00:00,3.14,103168.4,89.42,0,0,0,0
05/02/2020 01:00,1.91,103190.42,90.28,0,0,0,0
05/02/2020 02:00,3.29,103265.64,92.57,0,0,0,0
05/02/2020 03:00,4.58,103325.7,92.64,0,1,1,4.08
05/02/2020 04:00,4.77,103334.89,92.03,0,1,1,4.08
05/02/2020 05:00,4.78,103330.69,91.43,0,0,0,0
05/02/2020 06:00,2.36,103334.45,88.92,0,0,0,0
05/02/2020 07:00,2.37,103372.48,92.13,0,1,1,4.08
05/02/2020 08:00,1.78,103361.97,91.93,126,195,321,483.308
05/02/2020 09:00,4.11,103389.97,90.58,683,1182,1865,3056.443
05/02/2020 10:00,9.2,103421.62,81.54,2084,3775,5859,9923.631
05/02/2020 10:30,15.23,103424.03,69.79,2946,5295,8241,13880.726
05/02/2020 11:00,18.35,103440.06,64.04,3951,7147,11098,18778.592
05/02/2020 11:30,22.07,103433.11,58.37,6150,11160,17310,29355.635
05/02/2020 12:00,24.42,103438.66,51.33,6387,11773,18160,31140
05/02/2020 12:30,24.88,103426.68,50.28,5576,10475,16051,27891.131
05/02/2020 13:00,26.92,103389.16,49.58,5906,11071,16977,29455.945
05/02/2020 13:30,29.09,103352.75,47.6,5755,10781,16536,28677.93
05/02/2020 14:00,24.26,103322.71,50.67,2103,4098,6201,11049.492
05/02/2020 14:30,21.55,103269.83,57.56,2811,5151,7962,13596.311
05/02/2020 15:00,20.37,103257.87,58.32,1847,3416,5263,9046.124
05/02/2020 15:30,19.68,103237.58,60.7,1737,3094,4831,8084.697
05/02/2020 16:00,16.43,103210.22,65.2,1039,1797,2836,4645.688
05/02/2020 16:30,13.22,103180.49,68.42,439,746,1185,1916.106
05/02/2020 17:00,8.99,103193.2,74.23,89,149,238,380.589
05/02/2020 18:00,3.78,103160.64,83.93,1,0,1,0
05/02/2020 19:00,1.76,103117.31,88.11,0,1,1,4.08
05/02/2020 20:00,0.78,103127.77,89.95,0,1,1,4.08
05/02/2020 21:00,0.15,103156.47,90.96,1,0,1,0
05/02/2020 22:00,-0.2,103145.72,91.59,0,1,1,4.08
05/02/2020 23:00,-0.79,103129.95,91.56,1,0,0,0
06/02/2020 00:00,-1.42,103090.84,91.3,1,0,0,0
06/02/2020 01:00,-1.59,103059.61,91.65,1,0,0,0
06/02/2020 02:00,-2.02,102987.75,91.72,0,0,0,0
06/02/2020 03:00,-2.35,102966.14,91.67,0,0,0,0
06/02/2020 04:00,-2.68,102926.48,91.69,0,0,0,0
06/02/2020 05:00,-3.04,102886.48,91.48,0,0,0,0
06/02/2020 06:00,-3.27,102849.33,91.47,0,0,0,0
06/02/2020 07:00,-3.49,102829.52,91.4,0,1,1,4.08
06/02/2020 08:00,-3.29,102817.95,91.44,115,213,328,564.346
06/02/2020 09:00,1.47,102805.03,85.35,1240,1966,3206,4918.852
06/02/2020 10:00,8.69,102765.36,75.41,2715,4767,7482,12391.753
06/02/2020 10:30,14.08,102754.57,66.62,5329,8795,14124,22344.68
06/02/2020 11:00,17.91,102758.41,59.7,5211,9195,14406,23945.297
06/02/2020 11:30,20.84,102739.91,54.51,6442,11445,17887,29878.187
06/02/2020 12:00,23.7,102696.56,50.52,7509,13508,21017,35421.879
06/02/2020 12:30,26.06,102651.23,47.77,7278,13274,20552,34979.188
06/02/2020 13:00,27.17,102613.26,46.52,7006,12647,19653,33205.219
06/02/2020 13:30,27.33,102572.58,46.73,6645,11779,18424,30725.084
06/02/2020 14:00,27.09,102543.58,47.53,5969,10179,16148,26178.914
06/02/2020 14:30,25.04,102508.64,50.79,3860,6803,10663,17708.496
06/02/2020 15:00,23.88,102477.72,52.06,3190,5403,8593,13860.704
06/02/2020 15:30,21.8,102482.63,54.92,1866,3286,5152,8551.051
06/02/2020 16:00,18.04,102474.3,58.42,1283,2096,3379,5304.623
06/02/2020 16:30,14.92,102453.09,61.85,594,940,1534,2350.123
06/02/2020 17:00,9.35,102445.47,70.14,112,209,321,555.198
06/02/2020 18:00,4.09,102419.66,82.91,0,1,1,4.08
06/02/2020 19:00,2.17,102382.48,87.98,0,1,1,4.08
06/02/2020 20:00,1.1,102375.7,89.52,0,1,1,4.08
06/02/2020 21:00,0.34,102346.92,90.05,1,0,1,0
06/02/2020 22:00,0.1,102279.16,91.5,1,0,1,0
06/02/2020 23:00,0.51,102243.05,92.38,0,1,1,4.08
07/02/2020 00:00,0.46,102178.38,92.25,0,1,1,4.08
07/02/2020 01:00,1.23,102097.5,93.1,1,0,1,0
07/02/2020 02:00,2.19,102013.9,92.98,1,0,0,0
07/02/2020 03:00,2.72,101902.34,93.35,0,1,1,4.08
07/02/2020 04:00,1.75,101836.07,92.02,1,0,0,0
07/02/2020 05:00,1.74,101755.73,93.23,0,0,0,0
07/02/2020 06:00,1.82,101686.16,93.1,0,0,0,0
07/02/2020 07:00,0.7,101604.16,92.23,0,1,1,4.08
07/02/2020 08:00,0.74,101586.47,93.38,115,242,357,669.303
07/02/2020 09:00,3.8,101517.41,90.61,1105,1898,3003,4894.375
07/02/2020 10:00,7.45,101384.56,84.64,2113,3782,5895,9899.641
07/02/2020 11:00,11.68,101284.44,74.48,4090,7047,11137,18192.838
07/02/2020 11:30,13.33,101236.8,67.18,2252,4213,6465,11201.459
07/02/2020 12:00,13.4,101206.52,67.12,2203,4177,6380,11157.539
07/02/2020 12:30,15.63,101131.93,66.5,3618,6609,10227,17425.428
07/02/2020 13:00,20.75,101087.58,57.95,5365,9614,14979,25175.934
07/02/2020 13:30,21.9,101039.03,57.21,6276,11150,17426,29107.986
07/02/2020 14:00,21.17,101003.28,56.16,2231,4369,6600,11799.954
07/02/2020 14:30,18.96,100962.41,57.55,665,1378,2043,3792.191
07/02/2020 15:00,13.46,100946.12,68.98,343,686,1029,1865.92
07/02/2020 15:30,11.23,100947.16,75.42,162,327,489,892.168
07/02/2020 16:30,8.54,100879.89,84.02,52,103,155,279.256
07/02/2020 17:30,7.79,100828.72,87.22,0,2,2,8.16
07/02/2020 18:30,7.56,100776.28,89.75,0,1,1,4.08
07/02/2020 19:30,7.95,100748.59,91.65,0,1,1,4.08
07/02/2020 20:30,8.8,100670.98,92.89,0,1,1,4.08
07/02/2020 21:30,9.18,100641.58,92.32,0,1,1,4.08
07/02/2020 22:00,9.21,100625.84,92.41,0,1,1,4.08
07/02/2020 23:00,9.18,100596.38,91.7,1,0,1,0
08/02/2020 00:00,6.94,100583.2,90.23,0.5,0,0.5,0
08/02/2020 01:00,5.37,100604.4,90.24,0,0.5,0.5,2.04
08/02/2020 02:00,4.66,100638.9,90.61,0,0.5,0.5,2.04
08/02/2020 03:00,4.25,100699.1,88.31,0.5,0.5,0.5,2.04
08/02/2020 04:00,3.54,100742.4,87.35,0,0.5,0.5,2.04
08/02/2020 05:00,3.45,100789.2,90.06,0.5,0,0.5,0
08/02/2020 06:00,4.46,100801.9,89.36,0,0.5,0.5,2.04
08/02/2020 07:00,6.39,100838.7,86.14,18,27.5,45.5,67.817
08/02/2020 08:00,8.27,100886.2,86.42,359,673,1032,1791.189
08/02/2020 09:00,9.18,100911.6,82.62,1265.5,2303.5,3569,6070.569
08/02/2020 10:00,12.11,100938.5,78.46,1796,3278,5074,8640.71
08/02/2020 11:00,12.71,100956.2,71.22,3124.5,5598.5,8723,14660.374
08/02/2020 12:00,15.31,100989.9,67.78,3010,5500,8510,14503.9065
08/02/2020 13:00,15.05,101031.6,68.3,1388.5,2725,4113.5,7365.1675
08/02/2020 14:00,18.42,101066.72,58.02,3440,6180,9620,16198.024
08/02/2020 14:30,20.92,101042.05,59.02,3515,6335,9850,16623.297
08/02/2020 15:00,14.43,101038.02,74.15,709,1256,1965,3275.495
08/02/2020 15:30,16.37,101013.2,69.85,598,1112,1710,2950.351
08/02/2020 16:00,16.17,100985.63,64.45,1494,2565,4059,6613.264
08/02/2020 16:30,12.53,100947.97,69.61,400,739,1139,1956.254
08/02/2020 17:00,10.2,100892.42,74.8,102,196,298,525.964
08/02/2020 18:00,9.05,100873.16,79.31,0,1,1,4.08
08/02/2020 18:30,7.8,100834.83,85.27,1,0,1,0
08/02/2020 19:30,7.42,100731.16,85.54,0,0,0,0
08/02/2020 20:00,8.09,100685.58,85.17,1,0,1,0
08/02/2020 21:00,8.25,100617.7,86.14,0,1,1,4.08
08/02/2020 22:00,8.56,100544.84,85.29,1,0,1,0
08/02/2020 23:00,8.05,100326.72,85.91,0,1,1,4.08
08/02/2020 23:30,8.33,100280.91,85.72,0,1,1,4.08
09/02/2020 00:30,7.86,100091.7,90.08,0,1,1,4.08
09/02/2020 01:30,8.07,99880.85,91.17,0,1,1,4.08
09/02/2020 02:30,8.42,99810.68,91.55,0,1,1,4.08
09/02/2020 03:30,8.8,99680.41,91.97,0,0,0,0
09/02/2020 04:30,9.26,99521.77,91.67,0,1,1,4.08
09/02/2020 05:30,10.04,99295.33,91.33,1,0,1,0
09/02/2020 06:30,10.39,99167.94,90.34,0,1,1,4.08
09/02/2020 07:30,10.79,98906.36,90.23,4,12,16,36.72
09/02/2020 08:30,11.5,98954.31,88.58,104,211,315,576.653
09/02/2020 09:00,12.23,98774.04,85.23,165,337,502,923.031
09/02/2020 09:30,11.9,98676.98,85.36,154,321,475,885.068
09/02/2020 10:00,12.86,98624.16,82.42,283,607,890,1689.07
09/02/2020 10:30,12.88,98568.63,82.89,237,509,746,1416.958
09/02/2020 11:00,12.78,98579.15,85.61,362,771,1133,2140.617
09/02/2020 11:30,13.16,98534.41,85.23,617,1314,1931,3648.116
09/02/2020 12:00,13.79,98408.33,83.67,858,1781,2639,4903.979
09/02/2020 12:30,14.65,98324.39,81.42,1428,2936,4364,8059.119
09/02/2020 13:00,14.48,98260.59,81.34,542,1143,1685,3163.39
09/02/2020 13:30,14.03,98226.82,82.8,440,920,1360,2539.2
09/02/2020 14:00,13.81,98159.63,83.72,320,665,985,1831.754
09/02/2020 14:30,11.64,98278.72,82.41,616,1224,1840,3322.042
09/02/2020 15:00,12.07,98278.97,80.35,993,1902,2895,5098.385
09/02/2020 15:30,13.78,98249.2,76.57,1186,2291,3477,6158.936
09/02/2020 16:00,12.66,98219.13,77.92,118,277,395,792.543
09/02/2020 16:30,11.87,98205.86,77.96,287,494,781,1274.862
09/02/2020 17:30,10.32,98252.44,80.56,9,18,27,48.96
09/02/2020 18:30,9.34,98364.18,79.92,0,1,1,4.08
09/02/2020 19:30,8.61,98478.42,81.54,0,0,0,0
09/02/2020 20:30,8.5,98494.06,83.21,0,1,1,4.08
09/02/2020 21:30,8.71,98556.31,81.19,0,1,1,4.08
09/02/2020 22:30,8.14,98583.59,83.01,0,1,1,4.08
09/02/2020 23:30,7.51,98676.09,84.97,1,0,1,0
10/02/2020 00:30,6.94,98690.52,88.2,1,0,1,0
10/02/2020 01:30,6.44,98870.52,87.38,0,1,1,4.08
10/02/2020 02:30,5.37,99120.09,88.23,0,1,1,4.08
10/02/2020 03:30,4.66,99282.2,83.26,0,1,1,4.08
10/02/2020 04:30,4.25,99419.02,82.68,0,1,1,4.08
10/02/2020 05:30,3.54,99623.67,86.89,1,0,1,0
10/02/2020 06:30,3.45,99685.7,85.62,0,1,1,4.08
10/02/2020 07:30,4.46,99750.69,80.05,31,47,78,115.548
10/02/2020 08:30,6.39,99757.91,79.45,512,929,1441,2443.586
10/02/2020 09:30,11.08,99772.27,74.62,1861,3223,5084,8336.337
10/02/2020 10:00,10.88,99760.02,72.28,1097,2063,3160,5495.049
10/02/2020 10:30,15.51,99719.41,67.95,3804,6753,10557,17624.352
10/02/2020 11:00,13.39,99647.8,68.38,1710,3240,4950,8652.567
10/02/2020 11:30,12.14,99518.59,69.47,615,1197,1812,3226.192
10/02/2020 12:30,11.38,99468.17,72.67,2003,3840,5843,10296.431
10/02/2020 13:00,20.77,99373.72,57.05,3402,6527,9929,17505.797
10/02/2020 13:30,16.59,99371.47,59.25,1398,2754,4152,7452.993
10/02/2020 14:00,11.81,99301.42,66.56,1256,2427,3683,6525.263
10/02/2020 14:30,9.87,99323.7,71.9,147,332,479,938.86
10/02/2020 15:30,10.54,99307.66,73.88,406,952,1358,2722.917
10/02/2020 16:00,9.75,99252.61,75.61,972,1739,2711,4551.241
10/02/2020 17:00,5.85,99460.74,81.42,190,308,498,777.199
10/02/2020 18:00,2.89,99599.91,86.16,0,1,1,4.08
10/02/2020 19:00,3.89,99619.75,88.45,1,0,0,0
10/02/2020 20:00,3.81,99714.69,82.58,0,0,0,0
10/02/2020 21:00,3.42,99801.59,80.85,0,0,0,0
10/02/2020 22:00,2.78,99907.52,81.09,0,1,1,4.08
10/02/2020 23:00,2.92,99938.13,79.5,0,1,1,4.08
11/02/2020 00:00,2.79,99999.58,77.5,0,1,1,4.08
11/02/2020 01:00,2.95,100066.56,80.31,0,1,1,4.08
11/02/2020 02:00,2.62,100105.86,78.16,0,1,1,4.08
11/02/2020 03:00,2.66,100183.09,76.96,0,1,1,4.08
11/02/2020 04:00,2.5,100206.23,77.94,0,1,1,4.08
11/02/2020 05:00,2.41,100274.64,75.85,0,0,0,0
11/02/2020 06:00,2.3,100321.88,75.72,0,0,0,0
11/02/2020 07:00,2.26,100349.53,76.86,0,1,1,4.08
11/02/2020 08:00,2.32,100345.91,78.98,161,338,499,934.099
11/02/2020 09:00,7.31,100399.74,68.09,1462,2443,3905,6235.712
11/02/2020 10:00,11.92,100439.14,60.4,1463,2693,4156,7119.628
11/02/2020 10:30,14.3,100485.73,56.04,3755,6450,10205,16632.848
11/02/2020 11:00,15.51,100492.38,50.04,1176,2339,3515,6350.315
11/02/2020 11:30,17.99,100581,48.97,5798,10044,15842,25981.459
11/02/2020 12:00,17.92,100607.17,46.88,803,1789,2592,5037.857
11/02/2020 12:30,14.39,100627.66,50.66,7123,12191,19314,31395.443
11/02/2020 13:00,21.71,100603.58,43.13,6859,11903,18762,30810.156
11/02/2020 13:30,23.44,100645.09,43.54,6723,11599,18322,29959.072
11/02/2020 14:00,23.53,100663.38,40.93,5944,10238,16182,26427.631
11/02/2020 14:30,22.72,100667.23,41.95,1409,2885,4294,7908.42
11/02/2020 15:00,18.52,100721.74,47.28,4144,7098,11242,18284.73
11/02/2020 15:30,18.13,100727.76,49.93,937,1849,2786,5006.715
11/02/2020 16:00,15.18,100759.57,50.13,1149,2119,3268,5605.831
11/02/2020 16:30,10.26,100785.23,59.17,515,943,1458,2488.433
11/02/2020 17:00,8.33,100806.38,63.87,190,352,542,932.709
11/02/2020 18:00,4.55,100861.09,73.59,0,1,1,4.08
11/02/2020 19:00,4.33,100923.63,78.1,0,0,0,0
11/02/2020 20:00,3,100902.05,84.36,0,0,0,0
11/02/2020 21:00,2.45,100890.66,85.48,0,0,0,0
11/02/2020 22:00,1.15,100896.2,88.35,0,0,0,0
11/02/2020 23:00,2.03,100917,86.62,1,0,0,0
12/02/2020 00:00,2.57,100948.13,84,0,1,1,4.08
12/02/2020 01:00,1.94,100964.67,85.81,0,0,0,0
12/02/2020 02:00,1.41,100978.11,85.86,0,1,1,4.08
12/02/2020 03:00,1.12,100964.41,87.33,0,1,1,4.08
12/02/2020 04:00,0.93,100996.77,87.95,0,1,1,4.08
12/02/2020 05:00,0.87,101034.3,88.12,1,0,0,0
12/02/2020 06:00,0.64,101063.52,89.13,1,0,0,0
12/02/2020 07:00,0.72,101137.66,88.74,0,1,1,4.08
12/02/2020 08:00,1.56,101182.16,87.26,197,374,571,999.464
12/02/2020 09:00,7.09,101187.8,75.51,995,1747,2742,4541.283
12/02/2020 10:00,13.81,101199.94,63.98,2590,4544,7134,11808.743
12/02/2020 10:30,17.16,101217.48,56.75,3785,6686,10471,17418.262
12/02/2020 11:00,19.03,101208.45,53.62,4666,8315,12981,21730.842
12/02/2020 11:30,21.46,101223.53,48.43,5315,9594,14909,25189.008
12/02/2020 12:00,21.57,101202.73,47.13,6189,11123,17312,29157.937
12/02/2020 12:30,22.45,101213.14,47.33,5910,10665,16575,27998.088
12/02/2020 13:00,23.46,101178.3,46.75,5273,9574,14847,25188.846
12/02/2020 13:30,23.44,101161.36,49,3484,6584,10068,17566.957
12/02/2020 14:00,20.47,101153.8,50.58,3223,5938,9161,15703.544
12/02/2020 14:30,21.02,101137.66,52.28,3999,7161,11160,18747.498
12/02/2020 15:00,18.86,101130.52,54.42,1656,3117,4773,8305.052
12/02/2020 15:30,16.71,101096,58.46,1882,3396,5278,8915.099
12/02/2020 16:00,13.64,101071.25,64.57,893,1661,2554,4407.36
12/02/2020 16:30,10.99,101022.61,73.36,351,650,1001,1722.078
12/02/2020 17:30,7.7,100979.81,81.2,4,10,14,29.143
12/02/2020 18:30,5.22,100916.84,85.91,0,1,1,4.08
12/02/2020 19:30,5.27,100811.58,88.73,0,1,1,4.08
12/02/2020 20:30,4.03,100683.28,88.9,0,0,0,0
12/02/2020 21:30,4.47,100523,91.05,0,1,1,4.08
12/02/2020 22:30,4.97,100343.98,91.43,0,0,0,0
12/02/2020 23:30,5.33,100121.32,92.12,0,1,1,4.08
13/02/2020 00:30,5.74,99843.89,92.57,0,1,1,4.08
13/02/2020 01:30,5.82,99471.97,91.69,0,1,1,4.08
13/02/2020 02:30,5.79,99105.03,91.81,0,1,1,4.08
13/02/2020 03:30,6.02,99015.69,91.97,0,1,1,4.08
13/02/2020 04:30,5.13,98908.86,91.07,1,0,0,0
13/02/2020 05:30,3.72,98856.02,91.31,0,1,1,4.08
13/02/2020 06:30,4.39,98712.74,92.89,0,1,1,4.08
13/02/2020 07:30,5.03,98656.59,93.29,12,22,34,58.08
13/02/2020 08:30,5.57,98640.14,92.12,138,304,442,853.071
13/02/2020 09:30,7.5,98598.36,87.74,559,1108,1667,3004.72
13/02/2020 10:30,11.73,98614.22,76.94,1766,3313,5079,8817.081
13/02/2020 11:00,17.84,98641.39,65.94,5087,8918,14005,23169.25
13/02/2020 11:30,16.58,98703.3,64.4,1714,3401,5115,9226.305
13/02/2020 12:00,21.3,98775.88,57.44,7071,12225,19296,31600.258
13/02/2020 12:30,24.43,98813.61,51.6,4016,7622,11638,20366.654
13/02/2020 13:00,25.75,98907.86,50.36,8318,15131,23449,39835.578
13/02/2020 13:30,25.21,98984.73,44.83,2356,4760,7116,12990.867
13/02/2020 14:00,21.32,99100.97,50.14,610,1456,2066,4186.515
13/02/2020 14:30,17.27,99231.95,60.74,734,1428,2162,3848.229
13/02/2020 15:00,15.06,99372.84,64.4,1065,2068,3133,5569.303
13/02/2020 15:30,13.07,99490.95,67.77,649,1273,1922,3440.041
13/02/2020 16:00,12.18,99575.31,71.05,732,1375,2107,3661.01
13/02/2020 16:30,11.3,99687.7,70.54,256,537,793,1483.664
13/02/2020 17:30,8.44,99924.8,78.27,15,31,46,85.237
13/02/2020 18:30,6.33,100138.18,85.98,1,0,1,0
13/02/2020 19:30,5.97,100295.63,85.56,0,0,0,0
13/02/2020 20:30,6.04,100481.21,85.47,1,0,1,0
13/02/2020 21:30,6.4,100687.02,84.13,0,1,1,4.08
13/02/2020 22:30,5.7,100800.23,87.47,1,0,0,0
13/02/2020 23:30,5.61,100912.08,88.45,0,1,1,4.08
14/02/2020 00:30,3.72,100950.66,87.15,0,0,0,0
14/02/2020 01:30,2.6,101072.53,91.2,0,0,0,0
14/02/2020 19:00,17.28,101014.07,57.26,0,0,0,0
14/02/2020 19:30,11.48,101015.34,81.36,0,1,1,4.08
14/02/2020 20:00,10.63,101014,86.07,0,1,1,4.08
14/02/2020 20:30,10.28,101001.53,88.1,0,1,1,4.08
14/02/2020 21:00,10.13,101010.8,89.69,0,1,1,4.08
14/02/2020 21:30,9.8,101004.27,89.79,0,1,1,4.08
14/02/2020 22:00,9.23,100978.59,89.58,0,1,1,4.08
14/02/2020 22:30,8.97,101001.7,90.28,0,1,1,4.08
14/02/2020 23:00,8.81,100984.33,90.76,0,1,1,4.08
14/02/2020 23:30,8.75,100942.18,91.1,0,1,1,4.08
15/02/2020 00:00,8.73,100926.48,91.36,0,1,1,4.08
15/02/2020 00:30,8.77,100928.62,91.55,0,0,0,0
15/02/2020 01:00,8.81,100886.73,91.73,1,0,0,0
15/02/2020 01:30,8.89,100839.14,91.92,0,0,0,0
15/02/2020 02:00,8.94,100808.59,92.1,0,1,1,4.08
15/02/2020 02:30,9.07,100746.73,92.58,0,1,1,4.08
15/02/2020 03:00,9.37,100680.38,93.37,0,0,0,0
15/02/2020 03:30,9.6,100621.17,93.78,0,1,1,4.08
15/02/2020 04:00,9.86,100554.72,94.12,0,1,1,4.08
15/02/2020 04:30,10.06,100526.65,94.28,0,1,1,4.08
15/02/2020 05:00,10.25,100458.92,94.39,1,0,0,0
15/02/2020 05:30,10.45,100433.53,94.48,1,0,0,0
15/02/2020 06:00,10.58,100405.89,94.48,0,1,1,4.08
15/02/2020 06:30,10.64,100317.75,94.34,0,1,1,4.08
15/02/2020 07:00,10.75,100294.65,94.28,0,1,1,4.08
15/02/2020 07:30,10.65,100253,93.34,7,18,25,52.877
15/02/2020 08:00,10.72,100228.51,92.62,115,218,333,582.276
15/02/2020 08:30,11.14,100186.81,91.09,112,223,335,605.655
15/02/2020 09:00,11.7,100144.44,88.3,482,946,1428,2556.903
15/02/2020 09:30,11.79,100082.19,86.99,313,627,940,1706.347
15/02/2020 10:00,12.18,100021.07,86.54,516,1028,1544,2792.538
15/02/2020 10:30,12.28,99988.77,85.44,432,899,1331,2477.43
15/02/2020 11:00,11.88,99972.05,86.86,334,725,1059,2025.071
15/02/2020 11:30,11.72,99898.56,87.68,262,589,851,1663.264
15/02/2020 12:00,12,99828.8,87.7,694,1440,2134,3964.521
15/02/2020 12:30,11.89,99741.89,87.38,386,835,1221,2329.793
15/02/2020 13:00,11.9,99670.53,87.36,405,884,1289,2473.499
15/02/2020 13:30,11.63,99592.44,88.17,180,414,594,1177.265
15/02/2020 14:00,11.43,99558.78,88.56,123,292,415,838.258
15/02/2020 14:30,11.29,99438.29,89.65,180,404,584,1140.276
15/02/2020 15:00,11.53,99306.05,90.02,120,274,394,777.437
15/02/2020 15:30,11.5,99242.1,89.48,186,401,587,1117.663
15/02/2020 16:00,11.5,99219.67,89.3,66,144,210,402.871
15/02/2020 16:30,11.28,99130.32,89.94,74,154,228,424.392
15/02/2020 17:00,11.13,99095.3,90.5,31,63,94,172.271
15/02/2020 17:30,11.04,99082.41,91.44,3,9,12,27.54
15/02/2020 18:00,11.07,99089.77,92.04,1,0,1,0
15/02/2020 18:30,11.26,99150.39,92.35,0,1,1,4.08
15/02/2020 19:00,11.57,99185.53,92.34,1,0,1,0
15/02/2020 19:30,11.62,99218.35,92.4,1,0,1,0
15/02/2020 20:00,11.74,99224.2,92.26,0,1,1,4.08
15/02/2020 20:30,11.9,99229.38,91.89,0,1,1,4.08
15/02/2020 21:00,11.93,99181.97,91.28,0,1,1,4.08
15/02/2020 21:30,11.81,99125.77,90.51,0,1,1,4.08
15/02/2020 22:00,11.62,99037.94,92.03,0,1,1,4.08
15/02/2020 22:30,11.6,98992.94,92.33,0,1,1,4.08
15/02/2020 23:00,11.72,98899.66,91.54,0,1,1,4.08
15/02/2020 23:30,12.02,98839.09,90.85,1,0,1,0
16/02/2020 00:00,12.06,98798.64,90.36,0,1,1,4.08
16/02/2020 00:30,11.93,98809.26,91.13,0,1,1,4.08
16/02/2020 01:00,12.07,98765.84,90.12,0,1,1,4.08
16/02/2020 01:30,12.16,98726.62,89.78,1,0,1,0
16/02/2020 02:00,12.02,98648.4,91.47,0,1,1,4.08
16/02/2020 02:30,11.96,98593.53,92.15,0,1,1,4.08
16/02/2020 03:00,11.99,98552.83,92.15,0,1,1,4.08
16/02/2020 03:30,12.01,98525.92,91.82,0,1,1,4.08
16/02/2020 04:00,12.24,98463.8,91.08,1,0,1,0
16/02/2020 04:30,12.22,98426.41,92.11,0,1,1,4.08
16/02/2020 05:00,10.1,98581.56,88.7,0,1,1,4.08
16/02/2020 05:30,9.29,98666.44,90.57,0,1,1,4.08
16/02/2020 06:00,8.9,98730.55,91.46,0,1,1,4.08
16/02/2020 06:30,8.36,98845.45,90.91,0,1,1,4.08
16/02/2020 07:00,8.06,98821.91,91.95,0,1,1,4.08
16/02/2020 07:30,8.02,98842.26,92.78,5,15,20,45.9
16/02/2020 08:00,8.04,98882.31,92.98,75,147,222,397.138
16/02/2020 08:30,8.26,98874.97,92.92,93,179,272,480.615
16/02/2020 09:00,8.82,98906.34,91.61,188,375,563,1019.094
16/02/2020 09:30,8.61,98951.03,90.18,258,518,776,1410.776
16/02/2020 10:00,8.3,98880.52,87.19,283,575,858,1572.203
16/02/2020 10:30,8.64,98910.98,87.52,477,970,1447,2652.987
16/02/2020 11:00,9.04,98883.34,87.96,585,1210,1795,3327.871
16/02/2020 11:30,8.64,98945.88,84.57,389,812,1201,2239.903
16/02/2020 12:00,8.72,98967.87,83.69,514,1050,1564,2876.087
16/02/2020 12:30,8.11,98984.05,85.24,454,938,1392,2578.853
16/02/2020 13:00,7.98,99013.08,86.44,409,846,1255,2326.79
16/02/2020 13:30,7.61,99070.81,85.75,321,684,1005,1899.356
16/02/2020 14:00,7.84,99013.27,85.24,1133,2148,3281,5737.498
16/02/2020 14:30,9.32,99052.78,80.17,1440,2715,4155,7238.17
16/02/2020 15:00,10.86,99103.26,75.65,2302,4215,6517,11122.633
16/02/2020 15:30,12.53,99160.77,68.79,1668,3004,4672,7880.562
16/02/2020 16:00,15.02,99162.78,64.04,2191,3648,5839,9298.895
16/02/2020 16:30,13.97,99201.09,63.92,917,1566,2483,4029.646
16/02/2020 17:00,11.24,99232.75,67.11,436,700,1136,1759.859
16/02/2020 17:30,8.35,99299.63,74.42,39,74,113,197.718
16/02/2020 18:00,7.2,99366.68,77.93,0,2,2,8.16
16/02/2020 18:30,6.4,99468.24,80.91,0,1,1,4.08
16/02/2020 19:00,5.1,99625.05,81.47,0,1,1,4.08
16/02/2020 19:30,3.81,99624.41,86.6,0,0,0,0
16/02/2020 20:00,4.15,99674.98,87.48,0,0,0,0
16/02/2020 20:30,3.87,99754.54,86.84,0,1,1,4.08
16/02/2020 21:00,3.57,99789.16,89.92,0,1,1,4.08
16/02/2020 21:30,2.9,99868.19,89,0,0,0,0
16/02/2020 22:00,2.6,99916.55,90.87,0,0,0,0
16/02/2020 22:30,2.61,99976.95,90.69,0,0,0,0
16/02/2020 23:00,2.91,100010.59,90.38,0,0,0,0
16/02/2020 23:30,2.99,100063.28,89.88,0,0,0,0
17/02/2020 00:00,3.22,100101.73,89.13,0,0,0,0
17/02/2020 00:30,2.96,100108.38,88.81,0,0,0,0
17/02/2020 01:00,2.87,100117.52,88.7,0,0,0,0
17/02/2020 01:30,2.97,100136.68,88.21,0,0,0,0
17/02/2020 02:00,2.91,100177.56,88.25,0,0,0,0
17/02/2020 02:30,3.16,100171.24,87.5,0,0,0,0
17/02/2020 03:00,3.55,100146.58,86.39,0,0,0,0
17/02/2020 03:30,4.26,100101.53,84.94,0,0,0,0
17/02/2020 04:00,3.96,100086.99,85.3,0,0,0,0
17/02/2020 04:30,4.34,100108.33,85.69,0,1,1,4.08
17/02/2020 05:00,4.61,100118.55,86.24,0,0,0,0
17/02/2020 05:30,4.78,100090.6,85.79,0,1,1,4.08
17/02/2020 06:00,4.16,100148.23,81.91,0,0,0,0
17/02/2020 06:30,3.89,100146.86,85.23,0,1,1,4.08
17/02/2020 07:00,3.01,100135.41,86.89,0,3,3,12.24
17/02/2020 07:30,3,100155.54,88.44,139,186,325,434.313
17/02/2020 08:00,4.38,100203.17,85.96,281,499,780,1302.467
17/02/2020 08:30,5.78,100210.86,84.1,828,1447,2275,3755.051
17/02/2020 09:00,6.79,100221.13,81.77,740,1471,2211,3992.977
17/02/2020 09:30,7.56,100248.05,79.36,823,1719,2542,4742.817
17/02/2020 10:00,10.9,100283.16,75.11,1323,2565,3888,6904.125
17/02/2020 10:30,10,100332.49,73.94,288,753,1041,2222.283
17/02/2020 11:00,13.47,100343.98,70.27,1917,3793,5710,10279.92
17/02/2020 11:30,14.08,100429.52,65.78,643,1267,1910,3429.099
17/02/2020 12:00,15.92,100441.37,65.04,4191,7903,12094,21070.469
17/02/2020 12:30,22.79,100472.5,50.13,8660,15265,23925,39737.617
17/02/2020 13:00,25.83,100528.61,44.72,9896,17638,27534,46098.793
17/02/2020 13:30,21.84,100558.09,46.34,2443,4747,7190,12787.032
17/02/2020 14:00,24.99,100607.55,40.97,6296,11298,17594,29600.479
17/02/2020 14:30,22.37,100654.8,45.09,2761,5115,7876,13553.321
17/02/2020 15:00,16.57,100713.73,53.44,3569,6420,9989,16834.809
17/02/2020 15:30,15.38,100767.85,57.48,674,1388,2062,3811.979
17/02/2020 16:00,11.95,100804.92,63.76,299,661,960,1856.914
17/02/2020 16:30,10.83,100836.88,65.95,629,1117,1746,2915.562
17/02/2020 17:00,8.7,100900.48,72.93,208,359,567,927.398
17/02/2020 17:30,7.71,100950.63,71.49,67,97,164,234.078
17/02/2020 18:00,6.4,101015.59,79.56,0,3,3,12.24
17/02/2020 18:30,5.52,101098.49,83.3,0,1,1,4.08
17/02/2020 19:00,4.44,101153.59,84.1,0,0,0,0
17/02/2020 19:30,3.79,101217.5,86.13,0,0,0,0
17/02/2020 20:00,4.15,101228.81,85.72,0,0,0,0
17/02/2020 20:30,3.9,101290.14,84.15,0,0,0,0
17/02/2020 21:00,3.59,101312.55,83.95,0,0,0,0
17/02/2020 21:30,4.05,101336.54,82.25,0,0,0,0
17/02/2020 22:00,3.77,101352.59,85.74,0,0,0,0
17/02/2020 22:30,3.2,101394.07,88.58,0,0,0,0
17/02/2020 23:00,3.42,101441.42,89.07,0,0,0,0
17/02/2020 23:30,3.77,101460.97,87.86,0,0,0,0
18/02/2020 00:00,3.56,101502.45,87.96,0,0,0,0
18/02/2020 00:30,4.1,101517.5,88.48,0,0,0,0
18/02/2020 01:00,4.03,101543.08,89.09,0,0,0,0
18/02/2020 01:30,3.74,101553.47,89.06,0,0,0,0
18/02/2020 02:00,3.52,101566.44,89.85,0,0,0,0
18/02/2020 02:30,3.83,101578.71,90.82,0,1,1,4.08
18/02/2020 03:00,3.96,101574.67,91.85,0,1,1,4.08
18/02/2020 03:30,3.91,101553.03,91.61,0,1,1,4.08
18/02/2020 04:00,3.65,101568.22,90.54,0,0,0,0
18/02/2020 04:30,3.62,101564.84,91.22,0,0,0,0
18/02/2020 05:00,3.54,101551.2,91.89,0,0,0,0
18/02/2020 05:30,3.42,101595.56,91.98,0,0,0,0
18/02/2020 06:00,3.55,101592.27,92.3,0,0,0,0
18/02/2020 06:30,2.91,101604.75,91.66,0,1,1,4.08
18/02/2020 07:00,3.02,101616.57,92.85,1,4,5,13.056
18/02/2020 07:30,3.56,101629.67,92.98,80,110,190,259.832
18/02/2020 08:00,4.3,101612.59,91.54,413,694,1107,1775.135
18/02/2020 08:30,6.34,101614.69,86.15,539,913,1452,2342.26
18/02/2020 09:00,7.09,101581.33,84.07,676,1308,1984,3518.309
18/02/2020 09:30,9.16,101578.01,78.92,1531,2884,4415,7686.347
18/02/2020 10:00,11.71,101558.89,73.25,1683,3217,4900,8617.201
18/02/2020 10:30,12.26,101571.5,70.59,1175,2304,3479,6225.449
18/02/2020 11:00,13.27,101564.34,68.67,3833,7149,10982,18987.566
18/02/2020 11:30,16.98,101548.2,61.58,1910,3739,5649,10097.166
18/02/2020 12:00,18.54,101502.75,56.13,3142,6108,9250,16455.705
18/02/2020 12:30,20.72,101461.34,52.19,7668,13836,21504,36321.355
18/02/2020 13:00,23.23,101424.63,45.53,8703,15770,24473,41460.672
18/02/2020 13:30,18.56,101386.46,51.2,2634,4958,7592,13210.432
18/02/2020 14:00,19.89,101339.12,51.38,3048,5932,8980,15987.705
18/02/2020 14:30,16.39,101296.48,57.91,865,1650,2515,4416.621
18/02/2020 15:00,13.43,101264.07,64.34,1308,2565,3873,6930.865
18/02/2020 15:30,12.22,101216.15,66.92,1072,2045,3117,5474.065
18/02/2020 16:00,11.5,101160.78,69.46,533,994,1527,2639.939
18/02/2020 16:30,9.05,101159.47,78.42,119,241,360,658.251
18/02/2020 17:00,8.27,101147.16,79.84,143,272,415,727.361
18/02/2020 17:30,7.87,101145.91,80.09,38,62,100,156.835
18/02/2020 18:00,7.14,101125.53,79.34,0,2,2,8.16
18/02/2020 18:30,6.61,101143.09,79.54,1,0,1,0
18/02/2020 19:00,6.37,101137.83,79.79,0,0,0,0
18/02/2020 19:30,6.21,101161.52,80.12,0,0,0,0
18/02/2020 20:00,5.21,101208.23,82.66,0,0,0,0
18/02/2020 20:30,5.21,101248.06,82.13,0,0,0,0
18/02/2020 21:00,4.63,101278.37,82.64,0,0,0,0
18/02/2020 21:30,4.04,101308.39,83.58,0,0,0,0
18/02/2020 22:00,3.5,101371.22,84.83,0,0,0,0
18/02/2020 22:30,3.17,101410.66,84.42,0,0,0,0
18/02/2020 23:00,2.85,101431.83,85.86,0,0,0,0
18/02/2020 23:30,2.54,101452.4,87.14,0,0,0,0
19/02/2020 00:00,2.45,101504.7,86.14,0,0,0,0
19/02/2020 00:30,2.49,101552.47,85.76,0,0,0,0
19/02/2020 01:00,2.3,101614.7,86.08,0,0,0,0
19/02/2020 01:30,2.39,101656.89,86.64,0,0,0,0
19/02/2020 02:00,2.01,101660.09,86,0,0,0,0
19/02/2020 02:30,1.21,101693.14,88.56,0,0,0,0
19/02/2020 03:00,1.23,101682.17,89.95,0,0,0,0
19/02/2020 03:30,1.9,101671.82,88.96,0,0,0,0
19/02/2020 04:00,2.2,101677.66,87.42,0,0,0,0
19/02/2020 04:30,2.34,101706.39,87.14,0,0,0,0
19/02/2020 05:00,2.41,101743.3,87.23,0,0,0,0
19/02/2020 05:30,2.2,101753.92,88.99,0,0,0,0
19/02/2020 06:00,2.31,101749.92,89.37,0,0,0,0
19/02/2020 06:30,2.21,101750.5,90.25,0,1,1,4.08
19/02/2020 07:00,1.83,101751.2,91.27,2,4,6,10.88
19/02/2020 07:30,2.06,101767.46,91.89,43,94,137,263.145
19/02/2020 08:00,2.92,101771.53,92.27,195,353,548,927.746
19/02/2020 08:30,4.49,101774.3,90.47,530,976,1506,2580.684
19/02/2020 09:00,6.19,101776.36,87.37,379,703,1082,1863.561
19/02/2020 09:30,7.34,101770.53,83.85,1095,2072,3167,5530.846
19/02/2020 10:00,8.05,101781.98,80.44,951,1847,2798,4974.464
19/02/2020 10:30,9.89,101751.3,77.37,1511,2950,4461,7959.247
19/02/2020 11:00,11.13,101730.38,76,1546,3035,4581,8203.842
19/02/2020 11:30,10.99,101710.34,74.88,1157,2286,3443,6192.637
19/02/2020 12:00,11.07,101659.45,74.47,1514,2961,4475,7993.628
19/02/2020 12:30,11.59,101608.17,74.38,1235,2464,3699,6696.645
19/02/2020 13:00,12.28,101566.05,75.21,1491,2988,4479,8132.804
19/02/2020 13:30,12.72,101533.2,75.32,1808,3658,5466,9987.986
19/02/2020 14:00,12.29,101494.88,75.98,1216,2420,3636,6571.538
19/02/2020 14:30,11.54,101436.22,78.29,1244,2401,3645,6452.782
19/02/2020 15:00,13.14,101339.95,74.91,1449,2864,4313,7759.375
19/02/2020 15:30,11.09,101330.38,78.94,404,803,1207,2179.636
19/02/2020 16:00,11.21,101283.39,80.39,809,1545,2354,4137.24
19/02/2020 16:30,10.59,101221.99,80.32,384,735,1119,1969.721
19/02/2020 17:00,9.55,101179.41,83.17,184,346,530,921.587
19/02/2020 17:30,8.9,101154.38,85.57,17,41,58,118.25
19/02/2020 18:00,8.21,101154.13,87.31,1,3,4,9.18
19/02/2020 18:30,8.04,101144.44,87.55,0,1,1,4.08
19/02/2020 19:00,8.09,101126.73,87.59,0,0,0,0
19/02/2020 19:30,7.57,101097.81,87.61,0,0,0,0
19/02/2020 20:00,7.76,101059.23,88.37,1,0,0,0
19/02/2020 20:30,7.83,101036.53,88.22,1,0,0,0
19/02/2020 21:00,7.8,101017.11,88.75,1,0,1,0
19/02/2020 21:30,7.88,101000.55,88.78,1,0,0,0
19/02/2020 22:00,7.81,100967.53,89.75,0,1,1,4.08
19/02/2020 22:30,7.75,100946.5,90.01,0,1,1,4.08
19/02/2020 23:00,7.62,100895.09,89.73,0,0,0,0
19/02/2020 23:30,7.67,100883.03,89.76,0,0,0,0
20/02/2020 00:00,7.46,100863.72,89.75,0,0,0,0
20/02/2020 00:30,7.56,100831.52,90.24,0,1,1,4.08
20/02/2020 01:00,7.59,100809.56,90.92,1,0,0,0
20/02/2020 01:30,7.69,100752.48,90.53,0,1,1,4.08
20/02/2020 02:00,7.71,100721.11,89.78,0,0,0,0
20/02/2020 02:30,7.6,100704.75,90.42,1,0,0,0
20/02/2020 03:00,7.81,100652.48,90.29,1,0,0,0
20/02/2020 03:30,7.77,100599.08,90.88,0,1,1,4.08
20/02/2020 04:00,7.9,100561.23,90.17,1,0,1,0
20/02/2020 04:30,8.02,100511.52,90.25,0,1,1,4.08
20/02/2020 05:00,8.05,100469.86,89.42,0,1,1,4.08
20/02/2020 05:30,8.13,100444.39,88.39,1,0,0,0
20/02/2020 06:00,8.16,100411.64,87.97,0,1,1,4.08
20/02/2020 06:30,7.77,100326.72,88.81,0,1,1,4.08
20/02/2020 07:00,7.83,100272.92,88.49,2,6,8,18.36
20/02/2020 07:30,8,100223.3,88.59,59,118,177,320.96
20/02/2020 08:00,8.78,100192.75,87.69,120,274,394,777.437
20/02/2020 08:30,9.52,100164.13,86.62,568,1089,1657,2920.071
20/02/2020 09:00,10.72,100150.47,82.7,468,904,1372,2430.205
20/02/2020 09:30,10.72,100132.41,83.46,557,1097,1654,2968.506
20/02/2020 10:00,11.23,100040.03,82.08,439,912,1351,2511.854
20/02/2020 10:30,12,100017.84,82.04,731,1433,2164,3871.643
20/02/2020 11:00,10.5,100146.32,80.62,439,919,1358,2537.415
20/02/2020 11:30,10.72,100195.27,80.95,1030,2060,3090,5603.2
20/02/2020 12:00,9.74,100299.78,79.17,793,1598,2391,4357.467
20/02/2020 12:30,8.72,100447.47,77.2,806,1644,2450,4500.882
20/02/2020 13:00,7.96,100542.14,76.68,792,1551,2343,4189.011
20/02/2020 13:30,10.11,100564.85,76.87,3905,7200,11105,19046.121
20/02/2020 14:00,19.95,100593.27,58.16,7187,12589,19776,32696.719
20/02/2020 14:30,14.25,100727.81,54.96,1758,3360,5118,8999.915
20/02/2020 15:00,12.24,100803.76,59.03,627,1381,2008,3875.108
20/02/2020 15:30,15.47,100898.19,57.41,2989,5198,8187,13465.049
20/02/2020 16:00,15.78,100963.69,56.27,600,1288,1888,3585.006
20/02/2020 16:30,10.31,101084.98,62.56,558,1106,1664,2999.28
20/02/2020 17:00,9.14,101148.64,67.02,798,1166,1964,2824.332
20/02/2020 17:30,6.21,101238.34,65.84,90,170,260,453.508
20/02/2020 18:00,4.56,101342.48,71.11,5,7,12,16.66
20/02/2020 18:30,3.67,101417.22,76.14,0,1,1,4.08
20/02/2020 19:00,3.07,101511.73,79.36,0,0,0,0
20/02/2020 19:30,2.78,101541.33,81.29,0,0,0,0
20/02/2020 20:00,2.54,101581.98,83.7,0,0,0,0
20/02/2020 20:30,2.41,101617.23,84.27,0,0,0,0
20/02/2020 21:00,2.43,101656.66,84.76,0,0,0,0
20/02/2020 21:30,1.87,101708.22,86.67,0,0,0,0
20/02/2020 22:00,1.88,101737.47,89.65,0,1,1,4.08
20/02/2020 22:30,2.06,101792.05,89.58,0,0,0,0
20/02/2020 23:00,2.75,101820.45,86.4,0,0,0,0
20/02/2020 23:30,2.77,101838.77,85.87,0,0,0,0
21/02/2020 00:00,2.82,101863.76,85.95,0,0,0,0
21/02/2020 00:30,2.58,101909.55,88.6,0,0,0,0
21/02/2020 01:00,2.52,101928.68,89.83,0,0,0,0
21/02/2020 01:30,2.57,101929.58,90.11,0,0,0,0
21/02/2020 02:00,2.3,101967.94,90.36,0,0,0,0
21/02/2020 02:30,2.4,101965.14,90.56,0,0,0,0
21/02/2020 03:00,3.45,101971,90.5,0,1,1,4.08
21/02/2020 03:30,3.39,101958.52,90.06,0,0,0,0
21/02/2020 04:00,3.68,101948.07,89.76,0,0,0,0
21/02/2020 04:30,4.11,101955.91,89.5,0,1,1,4.08
21/02/2020 05:00,3.83,101929.83,89.53,0,0,0,0
21/02/2020 05:30,3.96,101898.2,89.57,0,0,0,0
21/02/2020 06:00,3.63,101865.06,89.45,0,0,0,0
21/02/2020 06:30,3.68,101863.67,89.92,0,1,1,4.08
21/02/2020 07:00,3.72,101877.27,89.79,2,7,9,22.213
21/02/2020 07:30,4.01,101873.36,89.73,77,144,221,382.818
21/02/2020 08:00,4.82,101881.45,88.16,177,320,497,840.628
21/02/2020 08:30,6.09,101876.35,85.39,390,741,1131,1980.77
21/02/2020 09:00,7.37,101865.88,82.83,706,1355,2061,3634.635
21/02/2020 09:30,9.17,101903.98,77.66,802,1558,2360,4196.46
21/02/2020 10:00,10.73,101896.38,73.12,1284,2534,3818,6861.791
21/02/2020 10:30,11.58,101883.89,70.84,1468,2867,4335,7736.178
21/02/2020 11:00,12.49,101887.44,68.07,1275,2489,3764,6715.221
21/02/2020 11:30,11.31,101889.25,69.82,694,1392,2086,3789.87
21/02/2020 12:00,11.46,101892.64,72.28,1310,2563,3873,6920.061
21/02/2020 12:30,12.47,101885.11,69.74,1547,3013,4560,8122.572
21/02/2020 13:00,13.25,101832.63,69.42,1046,2084,3130,5661.236
21/02/2020 13:30,12.01,101766.81,69.88,642,1333,1975,3670.738
21/02/2020 14:00,14.39,101755.44,66.21,1682,3313,4995,8965.355
21/02/2020 14:30,15.39,101733.6,64.36,1418,2783,4201,7522.009
21/02/2020 15:00,14.37,101737.51,64.69,1328,2595,3923,7003.523
21/02/2020 15:30,14.77,101735.42,63.79,1542,2943,4485,7879.129
21/02/2020 16:00,13.56,101715.61,64.01,575,1115,1690,3001.395
21/02/2020 16:30,11.96,101729.28,68.95,639,1165,1804,3069.555
21/02/2020 17:00,10.87,101680.81,71.47,217,392,609,1029.473
21/02/2020 17:30,9.96,101681.59,74.15,33,74,107,208.804
21/02/2020 18:00,9.4,101690.33,75.8,2,4,6,10.88
21/02/2020 18:30,9.07,101673.78,77.22,0,1,1,4.08
21/02/2020 19:00,8.85,101659.84,77.04,0,1,1,4.08
21/02/2020 19:30,8.78,101642.58,76.86,1,0,1,0
21/02/2020 20:00,8.74,101636.15,76.51,0,1,1,4.08
21/02/2020 20:30,8.68,101604.23,76.51,0,1,1,4.08
21/02/2020 21:00,8.68,101551.89,76.46,0,1,1,4.08
21/02/2020 21:30,8.63,101541.06,77.14,0,1,1,4.08
21/02/2020 22:00,8.66,101526.56,76.92,0,1,1,4.08
21/02/2020 22:30,8.57,101504.45,77.31,0,1,1,4.08
21/02/2020 23:00,8.61,101434.88,77.12,1,0,1,0
21/02/2020 23:30,8.62,101400.22,77.13,0,1,1,4.08
22/02/2020 00:00,8.55,101358.03,77.54,0,0,0,0
22/02/2020 00:30,8.6,101334.46,77.75,0,0,0,0
22/02/2020 01:00,8.66,101276.55,77.51,0,1,1,4.08
22/02/2020 01:30,8.66,101231.87,77.37,0,1,1,4.08
22/02/2020 02:00,8.52,101199.43,79.2,1,0,0,0
22/02/2020 02:30,8.18,101139.85,82.18,0,1,1,4.08
22/02/2020 03:00,8.54,101084.79,81.04,0,0,0,0
22/02/2020 03:30,8.74,101074.2,81.76,0,1,1,4.08
22/02/2020 04:00,8.42,101062.23,87.12,0,1,1,4.08
22/02/2020 04:30,8.29,101133.27,89.74,0,0,0,0
22/02/2020 05:00,8.33,101121.47,90.93,0,1,1,4.08
22/02/2020 05:30,8.45,101086.2,91.26,0,1,1,4.08
22/02/2020 06:00,8.69,101155.66,90.88,0,1,1,4.08
22/02/2020 06:30,8.99,101166.03,91.97,1,0,1,0
22/02/2020 07:00,9.25,101141.03,91.56,1,4,5,13.056
22/02/2020 07:30,9.46,101170.3,91.59,52,102,154,275.638
22/02/2020 08:00,9.81,101240.45,91.03,119,237,356,643.735
22/02/2020 08:30,9.84,101258.42,88.24,365,738,1103,2014.64
22/02/2020 09:00,11.28,101346.77,83.46,1371,2581,3952,6877.32
22/02/2020 09:30,14,101387.86,73.32,1634,3055,4689,8120.867
22/02/2020 10:00,16.82,101383.35,65.38,2351,4423,6774,11782.81
22/02/2020 10:30,19.09,101429.75,57.7,3590,6671,10261,17695.074
22/02/2020 11:00,21.05,101426.27,52.76,4365,8179,12544,21758.277
22/02/2020 11:30,23.21,101471.63,49.37,4901,9387,14288,25161.84
22/02/2020 12:00,21.88,101547.41,50.28,7415,13987,21402,37295.371
22/02/2020 12:30,23.89,101500.8,48.37,4918,9683,14601,26199.768
22/02/2020 13:00,20.34,101548.09,52.3,2527,5104,7631,13928.363
22/02/2020 13:30,18.34,101542.07,55.63,3176,6186,9362,16676.746
22/02/2020 14:00,16.04,101580.69,61.42,850,1751,2601,4809.414
22/02/2020 14:30,13.97,101590.83,66.8,1360,2728,4088,7427.42
22/02/2020 15:00,12.9,101640.7,69.75,870,1715,2585,4642.243
22/02/2020 15:30,12.66,101683.03,71.7,841,1659,2500,4491.722
22/02/2020 16:00,12.04,101676.05,74.37,1177,2227,3404,5944.441
22/02/2020 16:30,11.5,101704.36,74.83,252,489,741,1316.618
22/02/2020 17:00,9.91,101725.62,80.49,49,100,149,273.826
22/02/2020 17:30,8.93,101723.38,84.51,16,35,51,98
22/02/2020 18:00,8.11,101728.24,86.02,1,3,4,9.18
22/02/2020 18:30,7.85,101726.4,87.4,1,0,1,0
22/02/2020 19:00,7.7,101795.08,89.04,1,0,0,0
22/02/2020 19:30,7.8,101752.52,88.65,0,1,1,4.08
22/02/2020 20:00,7.37,101773.53,88.79,0,0,0,0
22/02/2020 20:30,6.87,101746.11,89.93,0,0,0,0
22/02/2020 21:00,6.8,101780.72,90.4,0,0,0,0
22/02/2020 21:30,7.11,101766.28,90.77,0,1,1,4.08
22/02/2020 22:00,7.47,101733.68,90.5,1,0,1,0
22/02/2020 22:30,7.25,101733.78,92.05,0,1,1,4.08
22/02/2020 23:00,7.45,101703,91.88,0,1,1,4.08
22/02/2020 23:30,7.44,101661.03,92.46,0,1,1,4.08
23/02/2020 00:00,7.44,101552.8,92.75,0,1,1,4.08
23/02/2020 00:30,7.39,101508.03,92.88,0,1,1,4.08
23/02/2020 01:00,7.42,101385.45,93.14,0,1,1,4.08
23/02/2020 01:30,7.45,101215.61,93.43,0,1,1,4.08
23/02/2020 02:00,7.54,101089.47,93.81,0,0,0,0
23/02/2020 02:30,8.04,100948.88,94.28,0,0,0,0
23/02/2020 03:00,8.95,100872.19,94.78,0,1,1,4.08
23/02/2020 03:30,9.77,100806.02,95.13,0,1,1,4.08
23/02/2020 04:00,10.6,100832.16,95.25,0,1,1,4.08
23/02/2020 04:30,10.78,100838.9,94.01,1,0,1,0
23/02/2020 05:00,10.6,100808.37,93.57,1,0,1,0
23/02/2020 05:30,10.57,100747.31,92.26,0,1,1,4.08
23/02/2020 06:00,10.85,100762.89,90.12,1,0,1,0
23/02/2020 06:30,10.69,100786.12,91.2,0,1,1,4.08
23/02/2020 07:00,10.72,100743.42,91.12,0,3,3,12.24
23/02/2020 07:30,11.09,100802.37,89.78,19,38,57,103.36
23/02/2020 08:00,11.32,100822.16,88.87,95,190,285,516.8
23/02/2020 08:30,11.68,100834.66,87.43,201,405,606,1104.327
23/02/2020 09:00,11.97,100920.52,87.17,527,1033,1560,2790.848
23/02/2020 09:30,12.34,100937.15,85.52,521,1045,1566,2845.123
23/02/2020 10:00,12.69,100997.75,84.33,705,1431,2136,3911.453
23/02/2020 10:30,13.04,101085.76,81.94,861,1741,2602,4752.81
23/02/2020 11:00,14.52,101103.15,78.5,1443,2938,4381,8038.787
23/02/2020 11:30,16.69,101158.07,71.49,3084,6060,9144,16385.857
23/02/2020 12:00,26.07,101222.41,50.76,6734,12601,19335,33506.262
23/02/2020 12:30,27.22,101283.19,45.01,1925,3796,5721,10276.391
23/02/2020 13:00,27.17,101348.24,45.28,3602,7137,10739,19352.084
23/02/2020 13:30,24.74,101414.85,44.18,6350,11807,18157,31325.295
23/02/2020 14:00,22.75,101520.14,48.05,11173,22687,33860,62019.371
23/02/2020 14:30,23.75,101518.74,47.04,3689,7112,10801,19106.436
23/02/2020 15:00,20.54,101610.7,51.47,1722,3376,5098,9121.478
23/02/2020 15:30,16.77,101652.7,56.47,1108,2181,3289,5900.756
23/02/2020 16:00,14.52,101707.8,52.51,788,1524,2312,4098.664
23/02/2020 16:30,13.2,101773.1,64.55,644,1201,1845,3189.7
23/02/2020 17:00,11.46,101831.12,74.96,446,791,1237,2063.685
23/02/2020 17:30,9.76,101872.55,80.39,98,170,268,439.97
23/02/2020 18:00,8.39,101908.73,84.76,2,5,7,14.571
23/02/2020 18:30,7.26,101941.89,86.68,1,0,0,0
23/02/2020 19:00,7.13,102010.3,87.6,0,0,0,0
23/02/2020 19:30,6.6,101982.46,88.64,0,0,0,0
23/02/2020 20:00,6.32,102008.13,90.47,1,0,0,0
23/02/2020 20:30,6.34,101996.7,91.2,0,1,1,4.08
23/02/2020 21:00,6.37,101987.23,91.76,0,1,1,4.08
23/02/2020 21:30,6.27,101988.38,91.79,0,1,1,4.08
23/02/2020 22:00,6.25,102006.28,91.93,1,0,0,0
23/02/2020 22:30,6.15,101946.88,91.89,0,1,1,4.08
23/02/2020 23:00,6.16,101911.97,92.19,1,0,0,0
23/02/2020 23:30,6.25,101849.13,92.54,1,0,0,0
24/02/2020 00:00,6.26,101831.59,92.67,0,1,1,4.08
24/02/2020 00:30,6.28,101737.33,92.56,0,1,1,4.08
24/02/2020 01:00,6.29,101682.77,92.87,0,1,1,4.08
24/02/2020 01:30,6.19,101636.48,92.82,0,1,1,4.08
24/02/2020 02:00,6.14,101502.16,92.92,0,1,1,4.08
24/02/2020 02:30,6.11,101396.2,93.05,1,0,0,0
24/02/2020 03:00,6.18,101300.44,93.35,1,0,0,0
24/02/2020 03:30,6.42,101210.61,93.74,1,0,0,0
24/02/2020 04:00,6.81,101091.19,94.19,0,1,1,4.08
24/02/2020 04:30,7.61,101019.16,94.72,1,0,0,0
24/02/2020 05:00,8.17,100959.18,95.17,1,0,0,0
24/02/2020 05:30,8.82,100871.44,95.31,0,1,1,4.08
24/02/2020 06:00,9.02,100788.72,95.16,0,1,1,4.08
24/02/2020 06:30,9.26,100705.13,94.93,0,1,1,4.08
24/02/2020 07:00,9.47,100592.84,94.16,1,5,6,17
24/02/2020 07:30,9.62,100566.41,92.65,20,39,59,105.181
24/02/2020 08:00,9.64,100568.87,91.19,85,170,255,462.4
24/02/2020 08:30,9.87,100516.1,91.36,271,562,833,1546.991
24/02/2020 09:00,10.81,100460.83,89.47,642,1305,1947,3568.743
24/02/2020 09:30,11.65,100461.7,87.11,615,1266,1881,3476.472
24/02/2020 10:00,12.4,100426.17,84.67,574,1204,1778,3326.453
24/02/2020 10:30,11.83,100404.75,86.02,425,933,1358,2615.313
24/02/2020 11:00,11.76,100386.95,86.32,622,1330,1952,3697.291
24/02/2020 11:30,12.02,100374.8,85.83,703,1497,2200,4156.053
24/02/2020 12:00,12.55,100282.66,84.66,930,1914,2844,5255.505
24/02/2020 12:30,12.56,100273.3,84.23,719,1498,2217,4129.696
24/02/2020 13:00,13.17,100181.3,82.71,1545,3186,4731,8753.843
24/02/2020 13:30,13.99,100203.84,79.55,1300,2625,3925,7162.739
24/02/2020 14:00,15.01,100131.28,75.12,1356,2734,4090,7456.48
24/02/2020 14:30,15,100134.81,75.3,885,1761,2646,4781.774
24/02/2020 15:00,14.43,100151.39,75.39,489,979,1468,2663.787
24/02/2020 15:30,13.82,100159.91,76.35,837,1652,2489,4473.582
24/02/2020 16:00,12.36,100196.19,79.81,785,1516,2301,4075.135
24/02/2020 16:30,11.28,100185.94,81.91,319,605,924,1616.214
24/02/2020 17:00,10.75,100176.46,83.34,247,461,708,1224.697
24/02/2020 17:30,9.59,100161.02,84.51,103,188,291,495.545
24/02/2020 18:00,8.42,100182.28,87.57,10,12,22,26.705
24/02/2020 18:30,7.83,100230.86,89.27,1,0,0,0
24/02/2020 19:00,7.85,100276.1,88.54,1,0,0,0
24/02/2020 19:30,7.13,100316.66,87.74,0,0,0,0
24/02/2020 20:00,6.7,100335.02,87.75,0,0,0,0
24/02/2020 20:30,6.01,100346.41,90.24,0,0,0,0
24/02/2020 21:00,5.68,100331.39,90.92,0,0,0,0
24/02/2020 21:30,6.04,100348.5,92.48,1,0,1,0
24/02/2020 22:00,6.53,100321.17,91.33,0,0,0,0
24/02/2020 22:30,5.76,100304.42,90.14,0,0,0,0
24/02/2020 23:00,5.14,100301.47,89.92,0,0,0,0
24/02/2020 23:30,5.27,100282.67,91.44,0,0,0,0
25/02/2020 00:00,5.23,100268.08,90.13,0,0,0,0
25/02/2020 00:30,4.91,100274.85,88.76,0,0,0,0
25/02/2020 01:00,3.94,100247.77,90.14,0,0,0,0
25/02/2020 01:30,3.65,100261.01,90.39,0,0,0,0
25/02/2020 02:00,3.42,100228.78,90.5,0,0,0,0
25/02/2020 02:30,3.1,100201.94,91.51,0,0,0,0
25/02/2020 03:00,2.84,100170.03,92.54,0,0,0,0
25/02/2020 03:30,3.18,100139.81,93.4,0,0,0,0
25/02/2020 04:00,3.46,100102.96,93.92,0,0,0,0
25/02/2020 04:30,4.1,100077.71,93.92,0,0,0,0
25/02/2020 05:00,3.82,100043.2,93.78,0,0,0,0
25/02/2020 05:30,4.26,100035.91,92.65,0,1,1,4.08
25/02/2020 06:00,4.02,99991.26,92.33,0,1,1,4.08
25/02/2020 06:30,4.48,99984.8,92.62,0,1,1,4.08
25/02/2020 07:00,4.4,99941.7,92.66,17,26,43,64.141
25/02/2020 07:30,4.17,99927.11,91.17,160,304,464,812.623
25/02/2020 08:00,6.92,99919.41,82.24,547,917,1464,2343.461
25/02/2020 08:30,7.46,99898.84,81.39,923,1671,2594,4391.805
25/02/2020 09:00,8.1,99862.05,79.58,769,1379,2148,3612.056
25/02/2020 09:30,8.34,99841.42,79.51,954,1775,2729,4710.352
25/02/2020 10:00,11.04,99790.13,74.92,1527,2826,4353,7485.414
25/02/2020 10:30,11.54,99799.16,69.66,1391,2707,4098,7295.662
25/02/2020 11:00,7.97,99792.65,77.12,464,956,1420,2625.957
25/02/2020 11:30,10.27,99765.25,76.2,5088,9209,14297,24201.385
25/02/2020 12:00,21.39,99706.7,59.48,3588,7194,10782,19584.014
25/02/2020 12:30,21.15,99638.45,51.15,6727,12658,19385,33722.875
25/02/2020 13:00,21.06,99575.6,49.94,2605,5026,7631,13505.904
25/02/2020 13:30,15.32,99558.59,58.54,1295,2521,3816,6795.125
25/02/2020 14:00,11.09,99556.61,65.79,627,1256,1883,3418.134
25/02/2020 14:30,11.46,99488.53,69.64,3745,6773,10518,17794.637
25/02/2020 15:00,11.94,99448.94,67.92,988,1887,2875,5053.195
25/02/2020 15:30,8.71,99404.22,75.64,254,519,773,1421.724
25/02/2020 16:00,9.1,99400.5,74.96,3976,6363,10339,15977.376
25/02/2020 16:30,9.89,99349.72,71.24,583,1044,1627,2733.214
25/02/2020 17:00,7.39,99365.44,76.72,426,641,1067,1571.129
25/02/2020 17:30,5.65,99392.7,81.69,26,58,84,163.394
25/02/2020 18:00,4.16,99425.48,84.32,8,14,22,36.349
25/02/2020 18:30,3.5,99436.3,86.12,1,0,1,0
25/02/2020 19:00,2.74,99433.47,87.45,0,0,0,0
25/02/2020 19:30,2.34,99442.08,88.6,0,0,0,0
25/02/2020 20:00,2.5,99435.14,88.37,0,0,0,0
25/02/2020 20:30,2.02,99447.09,89.58,0,0,0,0
25/02/2020 21:00,1.78,99479.42,89.55,0,0,0,0
25/02/2020 21:30,1.61,99446.67,90.93,0,0,0,0
25/02/2020 22:00,1.69,99481.48,90.32,0,0,0,0
25/02/2020 22:30,1.81,99496.66,89.49,0,0,0,0
25/02/2020 23:00,1.57,99524.75,89.62,0,0,0,0
25/02/2020 23:30,1.37,99561.62,89.31,0,0,0,0
26/02/2020 00:00,1.39,99591.91,88.98,0,0,0,0
26/02/2020 00:30,0.78,99575.45,89.98,0,0,0,0
26/02/2020 01:00,0.49,99602.63,90.19,0,0,0,0
26/02/2020 01:30,0.94,99645.02,91.19,0,0,0,0
26/02/2020 02:00,0.47,99664.64,90.5,0,0,0,0
26/02/2020 02:30,0.5,99684.94,90.32,0,0,0,0
26/02/2020 03:00,1.15,99705.88,90.57,0,0,0,0
26/02/2020 03:30,0.85,99705.31,90.95,0,0,0,0
26/02/2020 04:00,1.71,99760.45,90.14,0,1,1,4.08
26/02/2020 04:30,2.27,99776.43,90.04,0,0,0,0
26/02/2020 05:00,2.39,99824.47,90.53,0,1,1,4.08
26/02/2020 05:30,2.64,99863.39,88.67,0,0,0,0
26/02/2020 06:00,1.94,99913.98,88.98,0,0,0,0
26/02/2020 06:30,2.42,99930.78,91.09,0,1,1,4.08
26/02/2020 07:00,2.65,99990.53,90.59,12,20,32,51
26/02/2020 07:30,3.13,100052.63,88.33,98,199,297,544.014
26/02/2020 08:00,3.86,100124.13,86.73,227,464,691,1271.212
26/02/2020 08:30,5.86,100163.61,81.18,1754,2847,4601,7187.583
26/02/2020 09:00,7.65,100201.25,78.82,2026,3462,5488,8910.461
26/02/2020 09:30,10.98,100241.35,70.9,1392,2601,3993,6912.602
26/02/2020 10:00,13.77,100273.39,65.2,1727,3258,4985,8687.546
26/02/2020 10:30,12.51,100317.06,65.29,1019,1958,2977,5254.201
26/02/2020 11:00,11.83,100350.34,67.57,1515,2913,4428,7818.682
26/02/2020 11:30,12.62,100380.57,65.29,1334,2554,3888,6845.035
26/02/2020 12:00,11.69,100416.74,69.35,2176,4255,6431,11486.317
26/02/2020 12:30,17,100440.48,59.19,2514,4802,7316,12859.698
26/02/2020 13:00,17.51,100445.38,52.06,4352,8305,12657,22233.543
26/02/2020 13:30,22.55,100461.17,49.77,7943,14342,22285,37658.844
26/02/2020 14:00,20.36,100478.59,49.91,4925,8928,13853,23476.031
26/02/2020 14:30,24.39,100453.58,40.89,5765,10327,16092,27039.49
26/02/2020 15:00,22.73,100463.61,34.59,4557,8298,12855,21854.201
26/02/2020 15:30,23.98,100495.38,42.3,5344,9129,14473,23493.516
26/02/2020 16:00,22.15,100496.66,47.71,1306,2481,3787,6631.601
26/02/2020 16:30,16.38,100506.25,53.16,843,1551,2394,4099.771
26/02/2020 17:00,10.36,100503.27,66.18,350,666,1016,1781.209
26/02/2020 17:30,7.73,100515.16,75.4,60,116,176,311.935
26/02/2020 18:00,5.88,100537.57,79.81,3,7,10,19.992
26/02/2020 18:30,4.2,100524.39,84.75,1,0,1,0
26/02/2020 19:00,3.27,100513.02,87.06,0,0,0,0
26/02/2020 19:30,3.14,100499.16,88.9,0,0,0,0
26/02/2020 20:00,3,100457.2,89.88,0,1,1,4.08
26/02/2020 20:30,3.13,100403.61,90.44,0,1,1,4.08
26/02/2020 21:00,3.11,100365.91,90.86,0,0,0,0
26/02/2020 21:30,3.14,100324.79,90.2,0,0,0,0
26/02/2020 22:00,3.04,100265.48,90.21,0,0,0,0
26/02/2020 22:30,3.06,100198.09,90.2,0,0,0,0
26/02/2020 23:00,3.12,100125.41,90.48,0,0,0,0
26/02/2020 23:30,3.26,100061.94,90.46,0,1,1,4.08
27/02/2020 00:00,3.33,99982,90.87,0,1,1,4.08
27/02/2020 00:30,3.4,99898.92,90.92,0,0,0,0
27/02/2020 01:00,3.5,99824.52,90.88,0,0,0,0
27/02/2020 01:30,3.44,99752.55,91.28,0,1,1,4.08
27/02/2020 02:00,3.35,99656.28,92.07,0,0,0,0
27/02/2020 02:30,3.32,99562.67,92.45,0,1,1,4.08
27/02/2020 03:00,3.3,99460.37,92.66,0,0,0,0
27/02/2020 03:30,3.24,99381.65,92.68,0,1,1,4.08
27/02/2020 04:00,3.14,99297.11,92.64,0,0,0,0
27/02/2020 04:30,3.02,99253.36,92.7,0,1,1,4.08
27/02/2020 05:00,2.86,99208.42,92.66,0,1,1,4.08
27/02/2020 05:30,2.63,99222.76,92.58,0,0,0,0
27/02/2020 06:00,2.37,99229.83,92.54,0,1,1,4.08
27/02/2020 06:30,2.05,99260.49,92.44,0,1,1,4.08
27/02/2020 07:00,1.87,99317.2,92.63,6,14,20,39.984
27/02/2020 07:30,1.89,99377.02,93.07,87,177,264,484.175
27/02/2020 08:00,2.94,99433.22,92.06,411,765,1176,2030.372
27/02/2020 08:30,4.63,99510.85,87.62,928,1709,2637,4518.915
27/02/2020 09:00,6.23,99586.44,82.41,686,1442,2128,3986.751
27/02/2020 09:30,11.27,99643.73,71.51,2500,4464,6964,11674.809
27/02/2020 10:00,16.14,99713.23,64.86,5452,9673,15125,25239.875
27/02/2020 10:30,13.54,99798.3,65.64,1947,3934,5881,10736.871
27/02/2020 11:00,19.59,99874.74,53.9,8738,15617,24355,40857.07
27/02/2020 11:30,22.95,99952.09,50.09,2848,5692,8540,15478.615
27/02/2020 12:00,26.04,100024.1,45.77,9973,18842,28815,50268.453
27/02/2020 12:30,28.14,100070.73,42.17,8725,16329,25054,43421.246
27/02/2020 13:00,28.03,100137.23,38.77,9291,16773,26064,44039.32
27/02/2020 13:30,29.43,100182.59,37.57,7538,14473,22011,38827.328
27/02/2020 14:00,29.1,100212.11,37.91,7152,13514,20666,36055.504
27/02/2020 14:30,29.03,100299.83,38.65,5723,10608,16331,28113.467
27/02/2020 15:00,27.43,100363.53,40.83,4522,8316,12838,21978.182
27/02/2020 15:30,25.99,100435.13,42.14,3931,6758,10689,17432.492
27/02/2020 16:00,24.02,100536.42,45.48,2583,4546,7129,11827.43
27/02/2020 16:30,20.46,100582.23,47.17,1956,3264,5220,8327.026
27/02/2020 17:00,17.33,100652.66,52.54,1219,1907,3126,4746.49
27/02/2020 17:30,12.38,100707.16,57.03,265,443,708,1130.926
27/02/2020 18:00,7.83,100776.97,68.42,16,29,45,76.251
27/02/2020 18:30,5.41,100867.5,77.93,1,0,1,0
27/02/2020 19:00,3.91,100917.13,81.54,0,0,0,0
27/02/2020 19:30,2.5,100947.8,83.13,0,0,0,0
27/02/2020 20:00,1.01,101014.44,85.22,0,0,0,0
27/02/2020 20:30,0.52,101065.53,87.48,0,0,0,0
27/02/2020 21:00,0.01,101110.69,87.77,0,0,0,0
27/02/2020 21:30,-0.32,101109.44,88.17,0,0,0,0
27/02/2020 22:00,-0.71,101120.41,88.48,0,0,0,0
27/02/2020 22:30,-1.06,101086.02,89.01,0,0,0,0
27/02/2020 23:00,-1.17,101100.11,89.57,0,0,0,0
27/02/2020 23:30,-0.81,101101.16,90.5,0,0,0,0
28/02/2020 00:00,-0.43,101094.28,91.15,0,0,0,0
28/02/2020 00:30,-0.43,101072.3,90.77,0,0,0,0
28/02/2020 01:00,-0.22,101069.18,91.37,0,0,0,0
28/02/2020 01:30,0.02,101057.14,91.52,0,0,0,0
28/02/2020 02:00,0.25,101036.58,91.72,0,0,0,0
29/02/2020 15:30,19.96,98136.91,51.71,1962,3680,5642,9793.157
29/02/2020 16:00,14.14,98119.61,61.11,777,1389,2166,3634.178
29/02/2020 16:30,12.22,98089.77,64.91,504,1053,1557,2905.55
29/02/2020 17:00,9.7,98149.39,69.18,1112,1762,2874,4407.428
29/02/2020 17:30,7.17,98121.37,73.29,129,305,434,874.521
29/02/2020 18:00,5.87,98159.44,79.94,39,59,98,144.923
29/02/2020 18:30,4.29,98145.94,84.38,0,1,1,4.08
29/02/2020 19:00,4.22,98146.92,87.2,0,1,1,4.08
29/02/2020 19:30,4.08,98162.13,86.16,0,0,0,0
29/02/2020 20:00,4.13,98181.06,86.28,0,0,0,0
29/02/2020 20:30,3.94,98184.84,87.66,0,0,0,0
29/02/2020 21:00,3.58,98216.43,87.86,0,0,0,0
29/02/2020 21:30,3.69,98240.25,89.39,0,1,1,4.08
29/02/2020 22:00,3.88,98228.74,88.56,0,0,0,0
29/02/2020 22:30,3.97,98247.44,89.01,0,0,0,0
29/02/2020 23:00,3.7,98266.45,88.74,0,1,1,4.08
29/02/2020 23:30,3.85,98273.37,89.86,0,1,1,4.08
